ComplexLieGroups/Connectedness.lean	2	2	0
ComplexLieGroups/GeodesicConvexity.lean	3	3	0
SCV/BochnerTubeTheorem.lean	2	2	0
SCV/LaplaceSchwartz.lean	6	6	0
SCV/PaleyWiener.lean	6	6	0
Wightman/NuclearSpaces/BochnerMinlos.lean	2	2	0
Wightman/Reconstruction/GNSHilbertSpace.lean	3	1	1
Wightman/Reconstruction/Main.lean	1	1	0
Wightman/Reconstruction/WickRotation/BHWExtension.lean	2	2	0
Wightman/Reconstruction/WickRotation/BHWTranslation.lean	5	5	0
Wightman/Reconstruction/WickRotation/ForwardTubeLorentz.lean	2	2	0
Wightman/Reconstruction/WickRotation/OSToWightman.lean	14	13	1
Wightman/Reconstruction/WickRotation/SchwingerAxioms.lean	5	5	0
Wightman/WightmanAxioms.lean	4	4	0
vNA/KMS.lean	10	8	1
vNA/MeasureTheory/CaratheodoryExtension.lean	16	8	2
vNA/ModularAutomorphism.lean	8	6	1
vNA/ModularTheory.lean	6	6	0
